alexandria, ghcr.io/ocicl/alexandria@sha256:407634b0781b2d8fc3e55a30432bcb5d0c042af2feb2d1d72de825940b0fb0df, alexandria-20260812-f283e25/alexandria.asd
babel, ghcr.io/ocicl/babel@sha256:9d9fcde71acc2b5c39572de4f11756a08c1d8801caa86c581b85dabaa35928b3, babel-20250905-4eaf3f2/babel.asd
babel-streams, ghcr.io/ocicl/babel@sha256:9d9fcde71acc2b5c39572de4f11756a08c1d8801caa86c581b85dabaa35928b3, babel-20250905-4eaf3f2/babel-streams.asd
babel-tests, ghcr.io/ocicl/babel@sha256:9d9fcde71acc2b5c39572de4f11756a08c1d8801caa86c581b85dabaa35928b3, babel-20250905-4eaf3f2/babel-tests.asd
bordeaux-threads, ghcr.io/ocicl/bordeaux-threads@sha256:bbb32afe3987e102149cc019f4f7366a05f7a37d1503f5f86a27745e671c320a, bordeaux-threads-0.9.4/bordeaux-threads.asd
chunga, ghcr.io/ocicl/chunga@sha256:a2558d54ac5d4ccdbf49d7b51fcb074762d77e263ec67245f6d2928477b6d19a, chunga-20250814-1310e96/chunga.asd
cl-base64, ghcr.io/ocicl/cl-base64@sha256:702412dbc1ed825e275fb23e22c29527eb786bf644e47c7621bf0dbb34e17c7e, cl-base64-20240503-80496b7/cl-base64.asd
cl-base64-tests, ghcr.io/ocicl/cl-base64@sha256:702412dbc1ed825e275fb23e22c29527eb786bf644e47c7621bf0dbb34e17c7e, cl-base64-20240503-80496b7/cl-base64-tests.asd
cl-cont, ghcr.io/ocicl/cl-cont@sha256:a08944900637ab4e8a705f863f9d209eef8f2e39aa30ff2045d846b6f8020dc8, cl-cont-20261004-2cbe618/cl-cont.asd
cl-cont-test, ghcr.io/ocicl/cl-cont@sha256:a08944900637ab4e8a705f863f9d209eef8f2e39aa30ff2045d846b6f8020dc8, cl-cont-20261004-2cbe618/cl-cont-test.asd
cl-fad, ghcr.io/ocicl/cl-fad@sha256:c0aaffc859e419e0a94cedb08f48c2484da404363fb0fe4ffd6e09a80aadafe1, cl-fad-0.7.6/cl-fad.asd
cl-ppcre, ghcr.io/ocicl/cl-ppcre@sha256:bf073924cf4fd5957a4fd961a95d446ed0e53fa32a5002cbd2d52182874f45e5, cl-ppcre-20250606-a2ea581/cl-ppcre.asd
cl-ppcre-unicode, ghcr.io/ocicl/cl-ppcre@sha256:bf073924cf4fd5957a4fd961a95d446ed0e53fa32a5002cbd2d52182874f45e5, cl-ppcre-20250606-a2ea581/cl-ppcre-unicode.asd
cl-utilities, ghcr.io/ocicl/cl-utilities@sha256:e5e0676a4e0627332a0fe64d56ed4f1890f0466d715a11e8d95561b4c2baa38f, cl-utilities-20240503-6b4de39/cl-utilities.asd
clack, ghcr.io/ocicl/clack@sha256:9457bea28f1ee9c49a7626c2ee23c181b5af3636b5e64a27a46ef8535818947f, clack-20241101-935be5b/clack.asd
clack-handler-hunchentoot, ghcr.io/ocicl/clack@sha256:9457bea28f1ee9c49a7626c2ee23c181b5af3636b5e64a27a46ef8535818947f, clack-20241101-935be5b/clack-handler-hunchentoot.asd
clack-handler-toot, ghcr.io/ocicl/clack@sha256:9457bea28f1ee9c49a7626c2ee23c181b5af3636b5e64a27a46ef8535818947f, clack-20241101-935be5b/clack-handler-toot.asd
clack-handler-wookie, ghcr.io/ocicl/clack@sha256:9457bea28f1ee9c49a7626c2ee23c181b5af3636b5e64a27a46ef8535818947f, clack-20241101-935be5b/clack-handler-wookie.asd
clack-socket, ghcr.io/ocicl/clack@sha256:9457bea28f1ee9c49a7626c2ee23c181b5af3636b5e64a27a46ef8535818947f, clack-20241101-935be5b/clack-socket.asd
clack-test, ghcr.io/ocicl/clack@sha256:9457bea28f1ee9c49a7626c2ee23c181b5af3636b5e64a27a46ef8535818947f, clack-20241101-935be5b/clack-test.asd
closer-mop, ghcr.io/ocicl/closer-mop@sha256:39ec579e68118a8be57a7882812ff31094a031f88b77f11cf4434a92261f1126, closer-mop-20260329-04db182/closer-mop.asd
fiveam, ghcr.io/ocicl/fiveam@sha256:e283043dc8d31e8df2b214465cf5a06ea07bdbea10e600a40e17aaf9518226ac, fiveam-20240928-e43d6c8/fiveam.asd
flexi-streams, ghcr.io/ocicl/flexi-streams@sha256:95005b06a8a95c82780c75ead53810bcb273d07fcf5fe76b527f1856df9923f2, flexi-streams-20240503-4951d57/flexi-streams.asd
flexi-streams-test, ghcr.io/ocicl/flexi-streams@sha256:95005b06a8a95c82780c75ead53810bcb273d07fcf5fe76b527f1856df9923f2, flexi-streams-20240503-4951d57/flexi-streams-test.asd
global-vars, ghcr.io/ocicl/global-vars@sha256:d197e871c9c9abc4bf31b1186f5fd28f0ca848ebe2e9dddf2d82ecee01dbdc65, global-vars-20240503-c749f32/global-vars.asd
global-vars-test, ghcr.io/ocicl/global-vars@sha256:d197e871c9c9abc4bf31b1186f5fd28f0ca848ebe2e9dddf2d82ecee01dbdc65, global-vars-20240503-c749f32/global-vars-test.asd
hunchentoot, ghcr.io/ocicl/hunchentoot@sha256:1dbccc1f9770d3d8917ef87d71720b4ec7f2d6bebf24a3072afca478b00b4427, hunchentoot-1.3.1/hunchentoot.asd
iolib, ghcr.io/ocicl/iolib@sha256:0f523172cd40b937dc1ed3ecd8d3ac1b5cb41c772c60f7ccbc42b2fa9e315047, iolib-20260812-c939f25/iolib.asd
iolib.asdf, ghcr.io/ocicl/iolib@sha256:0f523172cd40b937dc1ed3ecd8d3ac1b5cb41c772c60f7ccbc42b2fa9e315047, iolib-20260812-c939f25/iolib.asdf.asd
iolib.base, ghcr.io/ocicl/iolib@sha256:0f523172cd40b937dc1ed3ecd8d3ac1b5cb41c772c60f7ccbc42b2fa9e315047, iolib-20260812-c939f25/iolib.base.asd
iolib.common-lisp, ghcr.io/ocicl/iolib@sha256:0f523172cd40b937dc1ed3ecd8d3ac1b5cb41c772c60f7ccbc42b2fa9e315047, iolib-20260812-c939f25/iolib.common-lisp.asd
iolib.conf, ghcr.io/ocicl/iolib@sha256:0f523172cd40b937dc1ed3ecd8d3ac1b5cb41c772c60f7ccbc42b2fa9e315047, iolib-20260812-c939f25/iolib.conf.asd
iolib.examples, ghcr.io/ocicl/iolib@sha256:0f523172cd40b937dc1ed3ecd8d3ac1b5cb41c772c60f7ccbc42b2fa9e315047, iolib-20260812-c939f25/iolib.examples.asd
ironclad, ghcr.io/ocicl/ironclad@sha256:3117e5a26a3e94924074c3548c235a2b733609ed61a2731880ac9e31df55428b, ironclad-20240503-6da010f/ironclad.asd
ironclad-text, ghcr.io/ocicl/ironclad@sha256:3117e5a26a3e94924074c3548c235a2b733609ed61a2731880ac9e31df55428b, ironclad-20240503-6da010f/ironclad-text.asd
lack, ghcr.io/ocicl/lack@sha256:cca30f5e88c2b0813f41a5bbcc44517edc7e95b9cd2aef0ae0df0044571e8673, lack-20260814-35d8b0a/lack.asd
lack-app-directory, ghcr.io/ocicl/lack@sha256:cca30f5e88c2b0813f41a5bbcc44517edc7e95b9cd2aef0ae0df0044571e8673, lack-20260814-35d8b0a/lack-app-directory.asd
lack-app-file, ghcr.io/ocicl/lack@sha256:cca30f5e88c2b0813f41a5bbcc44517edc7e95b9cd2aef0ae0df0044571e8673, lack-20260814-35d8b0a/lack-app-file.asd
lack-component, ghcr.io/ocicl/lack@sha256:cca30f5e88c2b0813f41a5bbcc44517edc7e95b9cd2aef0ae0df0044571e8673, lack-20260814-35d8b0a/lack-component.asd
lack-middleware-accesslog, ghcr.io/ocicl/lack@sha256:cca30f5e88c2b0813f41a5bbcc44517edc7e95b9cd2aef0ae0df0044571e8673, lack-20260814-35d8b0a/lack-middleware-accesslog.asd
lack-middleware-auth-basic, ghcr.io/ocicl/lack@sha256:cca30f5e88c2b0813f41a5bbcc44517edc7e95b9cd2aef0ae0df0044571e8673, lack-20260814-35d8b0a/lack-middleware-auth-basic.asd
lack-middleware-backtrace, ghcr.io/ocicl/lack@sha256:cca30f5e88c2b0813f41a5bbcc44517edc7e95b9cd2aef0ae0df0044571e8673, lack-20260814-35d8b0a/lack-middleware-backtrace.asd
lack-middleware-csrf, ghcr.io/ocicl/lack@sha256:cca30f5e88c2b0813f41a5bbcc44517edc7e95b9cd2aef0ae0df0044571e8673, lack-20260814-35d8b0a/lack-middleware-csrf.asd
lack-middleware-dbpool, ghcr.io/ocicl/lack@sha256:cca30f5e88c2b0813f41a5bbcc44517edc7e95b9cd2aef0ae0df0044571e8673, lack-20260814-35d8b0a/lack-middleware-dbpool.asd
lack-middleware-deflater, ghcr.io/ocicl/lack@sha256:cca30f5e88c2b0813f41a5bbcc44517edc7e95b9cd2aef0ae0df0044571e8673, lack-20260814-35d8b0a/lack-middleware-deflater.asd
lack-middleware-mount, ghcr.io/ocicl/lack@sha256:cca30f5e88c2b0813f41a5bbcc44517edc7e95b9cd2aef0ae0df0044571e8673, lack-20260814-35d8b0a/lack-middleware-mount.asd
lack-middleware-session, ghcr.io/ocicl/lack@sha256:cca30f5e88c2b0813f41a5bbcc44517edc7e95b9cd2aef0ae0df0044571e8673, lack-20260814-35d8b0a/lack-middleware-session.asd
lack-middleware-static, ghcr.io/ocicl/lack@sha256:cca30f5e88c2b0813f41a5bbcc44517edc7e95b9cd2aef0ae0df0044571e8673, lack-20260814-35d8b0a/lack-middleware-static.asd
lack-middleware-when, ghcr.io/ocicl/lack@sha256:cca30f5e88c2b0813f41a5bbcc44517edc7e95b9cd2aef0ae0df0044571e8673, lack-20260814-35d8b0a/lack-middleware-when.asd
lack-request, ghcr.io/ocicl/lack@sha256:cca30f5e88c2b0813f41a5bbcc44517edc7e95b9cd2aef0ae0df0044571e8673, lack-20260814-35d8b0a/lack-request.asd
lack-response, ghcr.io/ocicl/lack@sha256:cca30f5e88c2b0813f41a5bbcc44517edc7e95b9cd2aef0ae0df0044571e8673, lack-20260814-35d8b0a/lack-response.asd
lack-session-store-dbi, ghcr.io/ocicl/lack@sha256:cca30f5e88c2b0813f41a5bbcc44517edc7e95b9cd2aef0ae0df0044571e8673, lack-20260814-35d8b0a/lack-session-store-dbi.asd
lack-session-store-redis, ghcr.io/ocicl/lack@sha256:cca30f5e88c2b0813f41a5bbcc44517edc7e95b9cd2aef0ae0df0044571e8673, lack-20260814-35d8b0a/lack-session-store-redis.asd
lack-test, ghcr.io/ocicl/lack@sha256:cca30f5e88c2b0813f41a5bbcc44517edc7e95b9cd2aef0ae0df0044571e8673, lack-20260814-35d8b0a/lack-test.asd
lack-util, ghcr.io/ocicl/lack@sha256:cca30f5e88c2b0813f41a5bbcc44517edc7e95b9cd2aef0ae0df0044571e8673, lack-20260814-35d8b0a/lack-util.asd
lack-util-writer-stream, ghcr.io/ocicl/lack@sha256:cca30f5e88c2b0813f41a5bbcc44517edc7e95b9cd2aef0ae0df0044571e8673, lack-20260814-35d8b0a/lack-util-writer-stream.asd
md5, ghcr.io/ocicl/md5@sha256:7d8a8d7af07a2bcbca05ad839555730a0e021c697bf13cc02279669c7a9b038b, md5-2.0.5/md5.asd
net.didierverna.asdf-flv, ghcr.io/ocicl/net.didierverna.asdf-flv@sha256:e5cd087d41cf24302a92d9bac426a925f8868b554be2414c0f012c961e3ddb8c, asdf-flv-20240503-3f1de41/net.didierverna.asdf-flv.asd
quri, ghcr.io/ocicl/quri@sha256:e2559f91600e4895e115b42dde88fcaac3677f051335d73431888dcf7af99f95, quri-0.7.0/quri.asd
quri-test, ghcr.io/ocicl/quri@sha256:e2559f91600e4895e115b42dde88fcaac3677f051335d73431888dcf7af99f95, quri-0.7.0/quri-test.asd
rfc2388, ghcr.io/ocicl/rfc2388@sha256:4190f6eb36b3b2f53def6eff56b44e76edf4086ada2feb6d88bb671a40fc9f70, rfc2388-20240503-591bcf7/rfc2388.asd
split-sequence, ghcr.io/ocicl/split-sequence@sha256:3a37662eedd99c42995587b9d443c4631f25c4c523091bcca31a27b880585b8e, split-sequence-2.0.1/split-sequence.asd
swank, ghcr.io/ocicl/swank@sha256:07487b3404a149ac39619bd340f49cd8b953f76f6d8fa6198cfc1e91d8a3076b, slime-2.32/swank.asd
t-clack-handler-hunchentoot, ghcr.io/ocicl/clack@sha256:9457bea28f1ee9c49a7626c2ee23c181b5af3636b5e64a27a46ef8535818947f, clack-20241101-935be5b/t-clack-handler-hunchentoot.asd
t-clack-handler-toot, ghcr.io/ocicl/clack@sha256:9457bea28f1ee9c49a7626c2ee23c181b5af3636b5e64a27a46ef8535818947f, clack-20241101-935be5b/t-clack-handler-toot.asd
t-clack-handler-wookie, ghcr.io/ocicl/clack@sha256:9457bea28f1ee9c49a7626c2ee23c181b5af3636b5e64a27a46ef8535818947f, clack-20241101-935be5b/t-clack-handler-wookie.asd
trivial-backtrace, ghcr.io/ocicl/trivial-backtrace@sha256:89a3138695bb767c50001402fad60dacfc1e867e4e3d3579cc6f636d3e29a51c, trivial-backtrace-20240503-7f90b4a/trivial-backtrace.asd
trivial-backtrace-test, ghcr.io/ocicl/trivial-backtrace@sha256:89a3138695bb767c50001402fad60dacfc1e867e4e3d3579cc6f636d3e29a51c, trivial-backtrace-20240503-7f90b4a/trivial-backtrace-test.asd
trivial-features, ghcr.io/ocicl/trivial-features@sha256:ab71fa7a6cbef84578616795f3af8ebb09d3bce1e6b89da3fc80db19236cc5b4, trivial-features-20260908-828246a/trivial-features.asd
trivial-features-tests, ghcr.io/ocicl/trivial-features@sha256:ab71fa7a6cbef84578616795f3af8ebb09d3bce1e6b89da3fc80db19236cc5b4, trivial-features-20260908-828246a/trivial-features-tests.asd
trivial-garbage, ghcr.io/ocicl/trivial-garbage@sha256:e76c38568f7ff0a2564ab47e27e0b2293f00f258e6510f2abec4d46920f2c4db, trivial-garbage-20260829-f0663f7/trivial-garbage.asd
trivial-gray-streams, ghcr.io/ocicl/trivial-gray-streams@sha256:9d702556e5973fd18e67642b18bd5a2f901972ef7d5b134615e2f5fd77396bb9, trivial-gray-streams-20260818-257d73e/trivial-gray-streams.asd
trivial-gray-streams-test, ghcr.io/ocicl/trivial-gray-streams@sha256:9d702556e5973fd18e67642b18bd5a2f901972ef7d5b134615e2f5fd77396bb9, trivial-gray-streams-20260818-257d73e/trivial-gray-streams-test.asd
usocket, ghcr.io/ocicl/usocket@sha256:282856b819b22a4319ba30a15605ee934aa23292a471fd29ea4d3f2074b3f16d, usocket-0.8.8/usocket.asd
usocket-server, ghcr.io/ocicl/usocket@sha256:282856b819b22a4319ba30a15605ee934aa23292a471fd29ea4d3f2074b3f16d, usocket-0.8.8/usocket-server.asd
usocket-test, ghcr.io/ocicl/usocket@sha256:282856b819b22a4319ba30a15605ee934aa23292a471fd29ea4d3f2074b3f16d, usocket-0.8.8/usocket-test.asd
